,LotArea,OverallQual,OverallCond,TotalBsmtSF,FullBath,HalfBath,BedroomAbvGr,TotRmsAbvGrd,Fireplaces,GarageArea,AboveMedianPrice
0,8450,7,5,856,2,1,3,8,0,548,1
1,9600,6,8,1262,2,0,3,6,1,460,1
2,11250,7,5,920,2,1,3,6,1,608,1
3,9550,7,5,756,1,0,3,7,1,642,0
4,14260,8,5,1145,2,1,4,9,1,836,1
5,14115,5,5,796,1,1,1,5,0,480,0
6,10084,8,5,1686,2,0,3,7,1,636,1
7,10382,7,6,1107,2,1,3,7,2,484,1
8,6120,7,5,952,2,0,2,8,2,468,0
9,7420,5,6,991,1,0,2,5,2,205,0
10,11200,5,5,1040,1,0,3,5,0,384,0
11,11924,9,5,1175,3,0,4,11,2,736,1
12,12968,5,6,912,1,0,2,4,0,352,0
13,10652,7,5,1494,2,0,3,7,1,840,1
14,10920,6,5,1253,1,1,2,5,1,352,0
15,6120,7,8,832,1,0,2,5,0,576,0
16,11241,6,7,1004,1,0,2,5,1,480,0
17,10791,4,5,0,2,0,2,6,0,516,0
18,13695,5,5,1114,1,1,3,6,0,576,0
19,7560,5,6,1029,1,0,3,6,0,294,0
20,14215,8,5,1158,3,1,4,9,1,853,1
21,7449,7,7,637,1,0,3,6,1,280,0
22,9742,8,5,1777,2,0,3,7,1,534,1
23,4224,5,7,1040,1,0,3,6,1,572,0
24,8246,5,8,1060,1,0,3,6,1,270,0
25,14230,8,5,1566,2,0,3,7,1,890,1
26,7200,5,7,900,1,0,3,5,0,576,0
27,11478,8,5,1704,2,0,3,7,1,772,1
28,16321,5,6,1484,1,0,2,6,2,319,1
29,6324,4,6,520,1,0,1,4,0,240,0
30,8500,4,4,649,1,0,3,6,0,250,0
31,8544,5,6,1228,1,1,3,6,0,271,0
32,11049,8,5,1234,2,0,3,7,0,484,1
33,10552,5,5,1398,1,1,4,6,1,447,1
34,7313,9,5,1561,2,0,2,6,1,556,1
35,13418,8,5,1117,3,1,4,9,1,691,1
36,10859,5,5,1097,1,1,3,6,0,672,0
37,8532,5,6,1297,1,0,3,5,1,498,0
38,7922,5,7,1057,1,0,3,5,0,246,0
39,6040,4,5,0,2,0,2,6,0,0,0
40,8658,6,5,1088,2,0,3,6,1,440,0
41,16905,5,6,1350,1,1,2,5,2,308,1
42,9180,5,7,840,1,0,2,5,0,504,0
43,9200,5,6,938,1,0,3,5,0,308,0
44,7945,5,6,1150,1,0,3,6,0,300,0
45,7658,9,5,1752,2,0,2,6,1,576,1
46,12822,7,5,1434,1,1,1,6,1,670,1
47,11096,8,5,1656,2,0,3,7,0,826,1
48,4456,4,5,736,2,0,2,8,0,0,0
49,7742,5,7,955,1,0,3,6,0,386,0
50,13869,6,6,794,2,0,3,6,0,388,1
51,6240,6,6,816,1,0,3,6,1,528,0
52,8472,5,5,816,1,0,2,5,0,516,0
53,50271,9,5,1842,0,1,0,5,1,894,1
54,7134,5,5,384,1,0,3,6,1,572,0
55,10175,6,5,1425,2,0,3,7,1,576,1
56,2645,8,5,970,2,1,3,7,0,480,1
57,11645,7,5,860,2,1,3,7,0,565,1
58,13682,10,5,1410,3,1,3,10,1,641,1
59,7200,5,7,780,1,0,2,4,0,352,0
60,13072,6,5,1158,1,1,3,5,0,576,0
61,7200,5,7,530,1,0,3,6,0,288,0
62,6442,8,5,1370,2,0,2,6,1,484,1
63,10300,7,6,576,2,0,3,9,0,480,0
64,9375,7,5,1057,2,1,3,8,0,645,1
65,9591,8,5,1143,2,1,4,9,1,852,1
66,19900,7,5,1947,2,0,3,7,1,576,1
67,10665,7,5,1453,2,0,3,7,0,558,1
68,4608,4,6,747,1,0,2,4,0,220,0
69,15593,7,4,1304,2,0,3,7,1,667,1
70,13651,7,6,2223,2,0,3,8,2,516,1
71,7599,4,6,845,1,0,2,4,0,360,0
72,10141,7,5,832,2,1,3,7,1,427,1
73,10200,5,7,1086,1,0,3,6,0,490,0
74,5790,3,6,840,2,0,3,8,0,379,0
75,1596,4,5,462,1,0,2,5,0,297,0
76,8475,4,7,952,1,0,2,4,0,283,0
77,8635,5,5,672,1,0,2,6,0,240,0
78,10778,4,5,1768,2,0,4,8,0,0,0
79,10440,5,6,440,1,1,2,5,0,440,0
80,13000,6,6,896,2,1,4,8,1,509,1
81,4500,6,5,1237,2,0,2,5,0,405,0
82,10206,8,5,1563,2,0,3,6,1,758,1
83,8892,5,5,1065,1,1,3,6,0,461,0
84,8530,7,5,384,2,1,3,7,1,400,1
85,16059,8,5,1288,2,1,4,9,1,462,1
86,11911,6,5,684,2,1,3,6,1,400,1
87,3951,6,5,612,2,1,2,4,0,528,1
88,8470,3,2,1013,1,0,2,6,0,0,0
89,8070,4,5,990,1,0,3,5,0,0,0
90,7200,4,5,0,1,0,2,4,0,420,0
91,8500,5,3,1235,1,0,2,6,0,480,0
92,13360,5,7,876,1,0,2,5,0,432,1
93,7200,6,6,1214,2,0,4,9,1,506,0
94,9337,6,5,824,2,1,3,7,0,684,1
95,9765,6,8,680,2,1,3,6,1,420,1
96,10264,7,5,1588,2,0,3,6,0,472,1
97,10921,4,5,960,1,0,3,6,0,432,0
98,10625,5,5,458,1,0,2,5,0,366,0
99,9320,4,5,950,1,1,3,6,0,0,0
100,10603,6,7,1610,2,0,3,6,2,480,1
101,9206,6,5,741,2,1,3,7,1,476,1
102,7018,5,5,0,2,0,4,8,0,410,0
103,10402,7,5,1226,2,0,3,6,0,740,1
104,7758,7,4,1040,1,1,4,7,2,240,1
105,9375,8,5,1053,2,1,3,9,1,648,1
106,10800,4,7,641,1,0,2,6,0,273,0
107,6000,5,5,789,1,0,2,5,0,250,0
108,8500,5,7,793,2,0,3,7,0,0,0
109,11751,6,6,1844,2,0,3,7,1,546,1
110,9525,6,4,994,2,0,4,7,0,325,0
111,7750,7,5,384,2,1,3,7,1,400,1
112,9965,7,5,1264,2,1,4,10,1,792,1
113,21000,6,5,1809,2,0,3,7,2,450,1
114,7259,6,8,1028,2,1,3,9,1,180,1
115,3230,6,5,729,2,1,2,5,1,440,1
116,11616,5,5,1092,1,0,3,6,1,288,0
117,8536,5,5,1125,1,1,2,5,0,430,0
118,12376,7,5,1673,3,0,5,11,2,594,1
119,8461,6,5,728,2,1,3,8,1,390,1
120,21453,6,5,938,1,0,1,4,2,540,1
121,6060,4,5,732,1,0,3,4,0,264,0
122,9464,6,7,1080,1,0,3,5,0,288,0
123,7892,6,5,1199,2,0,2,5,0,530,0
124,17043,6,5,1362,2,0,3,7,1,435,1
125,6780,6,8,520,1,0,2,5,0,0,0
126,4928,6,5,1078,2,0,2,5,1,440,0
127,4388,5,7,672,1,0,3,5,1,0,0
128,7590,6,5,660,1,1,3,6,1,453,0
129,8973,5,7,1008,1,1,3,6,0,750,0
130,14200,7,6,924,2,1,4,8,2,487,1
131,12224,6,5,992,2,1,3,7,1,390,1
132,7388,5,6,1063,1,0,3,7,0,624,0
133,6853,8,5,1267,2,0,2,6,0,471,1
134,10335,5,6,1461,2,1,3,7,1,440,1
135,10400,7,6,1304,2,0,3,7,1,530,1
136,10355,5,5,1214,2,0,3,5,1,318,0
137,11070,7,5,1907,3,0,5,9,0,766,1
138,9066,8,5,1004,2,1,3,7,2,660,1
139,15426,6,5,928,2,1,3,7,0,470,1
140,10500,4,5,864,1,0,3,5,1,0,0
141,11645,7,5,1734,2,0,3,7,0,660,1
142,8520,5,4,910,2,0,4,6,0,720,1
143,10335,7,5,1490,2,0,3,6,0,577,1
144,9100,5,5,1728,2,0,6,10,0,504,0
145,2522,6,5,970,2,0,3,7,0,380,0
146,6120,5,7,715,1,0,2,5,0,180,0
147,9505,7,5,884,2,1,3,8,1,434,1
148,7500,7,5,1080,1,0,3,6,0,0,0
149,6240,5,4,896,1,0,3,7,0,240,0
150,10356,5,6,969,1,1,3,5,0,440,0
151,13891,8,5,1710,2,0,2,6,1,866,1
152,14803,6,5,825,2,1,4,8,1,495,1
153,13500,6,7,1602,1,0,1,4,1,564,1
154,11340,6,5,1200,1,0,4,7,0,312,0
155,9600,6,5,572,1,0,2,5,0,0,0
156,7200,5,7,0,1,0,2,5,0,625,0
157,12003,8,5,774,2,1,4,8,1,680,1
158,12552,7,5,991,2,1,3,8,1,678,1
159,19378,7,5,1392,2,1,4,9,1,576,1
160,11120,6,6,1232,2,0,3,6,0,516,0
161,13688,9,5,1572,2,1,3,10,2,726,1
162,12182,7,5,1541,2,0,3,7,1,532,1
163,5500,4,6,882,1,0,1,4,0,0,0
164,5400,6,7,1149,2,0,3,5,0,216,0
165,10106,5,7,644,2,0,4,6,0,0,0
166,10708,5,5,1617,1,0,2,7,3,303,1
167,10562,8,5,1582,1,1,3,8,1,789,1
168,8244,7,5,840,2,1,3,7,1,440,1
169,16669,8,6,1686,2,1,2,6,1,511,1
170,12358,5,6,720,1,1,2,7,0,660,0
171,31770,6,5,1080,1,0,3,7,2,528,1
172,5306,7,7,1064,2,0,2,5,1,504,1
173,10197,6,5,1362,1,1,3,6,1,504,0
174,12416,6,5,1606,2,0,3,7,1,616,1
175,12615,6,7,1202,2,0,4,7,1,576,1
176,10029,6,5,1151,2,1,4,8,1,521,1
177,13650,5,5,1052,2,0,4,8,1,451,1
178,17423,9,5,2216,2,0,1,9,1,1166,1
179,8520,5,6,968,1,0,2,5,0,480,0
180,2117,6,5,756,2,1,3,5,1,440,1
181,7588,7,6,793,1,1,4,9,1,216,1
182,9060,5,6,0,1,0,3,7,1,252,0
183,11426,7,5,1362,2,1,3,6,0,484,1
184,7438,5,8,504,1,0,3,5,0,576,0
185,22950,10,9,1107,2,1,4,12,2,840,1
186,9947,7,5,1188,2,0,3,6,0,497,1
187,10410,5,7,660,2,1,3,8,0,180,0
188,7018,5,5,1086,0,2,2,6,2,528,0
189,4923,8,5,1593,1,1,0,5,1,682,1
190,10570,8,8,853,2,1,3,10,2,440,1
191,7472,7,9,725,1,1,4,7,0,484,1
192,9017,7,5,1431,2,0,3,6,0,666,1
193,2522,7,5,970,2,0,3,7,0,380,0
194,7180,5,7,864,1,0,3,5,0,352,0
195,2280,6,6,855,2,1,3,7,1,440,0
196,9416,7,5,1726,2,0,3,8,1,786,1
197,25419,8,4,1360,2,0,4,8,1,795,1
198,5520,6,6,755,1,0,5,8,0,0,0
199,9591,8,5,1713,2,0,3,7,1,856,1
200,8546,4,5,1121,2,0,2,5,0,440,0
201,10125,6,6,1196,2,0,3,6,2,473,1
202,7000,6,6,617,2,0,2,6,0,398,0
203,4438,6,5,848,1,0,1,3,1,420,0
204,3500,5,7,720,1,1,2,5,0,240,0
205,11851,7,5,1424,2,0,3,5,0,500,1
206,13673,5,5,1140,1,1,3,8,1,349,0
207,12493,4,5,1100,1,0,3,6,1,312,0
208,14364,7,5,1157,2,1,3,7,1,454,1
209,8250,6,7,1092,1,0,3,6,0,504,0
210,5604,5,6,864,1,0,2,5,0,0,0
211,10420,6,5,1212,2,0,3,6,0,460,1
212,8640,7,5,900,2,1,3,7,1,644,1
213,13568,5,5,990,1,0,3,5,0,576,0
214,10900,6,7,689,1,1,3,6,0,299,0
215,10011,5,6,1070,1,0,2,6,1,447,0
216,8450,7,5,1436,2,0,3,8,0,484,1
217,9906,4,4,686,1,0,3,8,0,210,0
218,15660,7,9,798,1,1,3,8,2,431,1
219,3010,7,5,1248,2,0,2,5,0,438,1
220,8990,7,5,1498,2,0,2,5,0,675,1
221,8068,6,5,1010,2,1,4,8,1,390,1
222,11475,6,6,713,2,1,3,6,1,434,1
223,10500,4,6,864,1,0,2,4,0,576,0
224,13472,10,5,2392,2,0,3,8,1,968,1
225,1680,5,5,630,2,1,3,6,0,280,0
226,9950,7,5,1203,2,1,4,9,1,721,1
227,1869,6,6,483,1,1,2,5,0,280,0
228,8521,5,5,912,1,0,3,5,1,336,0
229,3182,7,5,1373,2,0,2,7,1,430,1
230,8760,6,6,1194,1,0,3,6,0,312,0
231,15138,8,5,1462,2,1,4,9,1,810,1
232,1680,6,5,483,1,1,2,5,1,288,0
233,10650,5,6,894,1,0,3,5,0,308,0
234,7851,6,5,860,2,1,4,8,2,440,1
235,1680,6,3,483,1,1,2,5,0,264,0
236,8773,7,5,1414,2,0,3,6,0,494,1
237,9453,7,7,996,2,1,3,7,0,457,1
238,12030,8,5,1694,2,0,3,7,0,818,1
239,8741,6,4,735,1,1,3,7,1,220,0
240,9000,8,5,1566,2,0,3,7,0,750,1
241,3880,5,9,686,1,0,2,4,0,0,0
242,5000,5,4,540,1,0,3,6,0,352,0
243,10762,6,6,626,1,1,3,6,1,288,0
244,8880,7,5,948,2,1,3,8,2,463,1
245,10400,7,5,1845,2,0,3,6,1,604,1
246,9142,6,8,1020,2,0,4,9,0,440,0
247,11310,6,5,1367,1,0,2,5,1,451,0
248,11317,7,5,840,2,1,3,8,0,500,1
249,159000,6,7,1444,2,0,4,7,2,389,1
250,5350,3,2,728,1,0,3,6,0,0,0
251,4750,8,5,1573,2,0,2,5,1,538,1
252,8366,6,5,798,2,1,3,6,0,520,1
253,9350,6,7,1302,2,0,3,7,0,309,0
254,8400,5,6,1314,1,0,3,5,0,294,0
255,8738,7,5,975,2,1,4,8,1,429,1
256,8791,6,5,864,2,1,3,7,0,673,1
257,8814,7,5,1604,2,1,3,8,1,660,1
258,12435,7,5,963,2,1,3,7,1,564,1
259,12702,5,5,0,1,0,2,4,0,308,0
260,19296,6,5,1362,1,0,3,6,1,884,1
261,9588,8,5,1482,2,1,3,10,1,868,1
262,8471,6,7,506,1,0,3,6,1,492,0
263,5500,5,7,926,1,0,3,6,0,484,0
264,5232,5,5,680,1,0,2,4,0,504,0
265,12090,6,6,1422,2,0,3,7,1,576,1
266,11207,6,5,802,2,1,3,8,1,413,1
267,8400,5,8,720,2,1,4,8,1,240,1
268,6900,5,6,740,1,0,2,4,1,924,0
269,7917,6,7,1143,1,1,3,6,1,504,0
270,10728,8,5,1095,2,1,3,8,1,1053,1
271,39104,7,7,1385,1,0,2,5,2,439,1
272,11764,8,7,1152,2,1,4,9,1,671,1
273,9600,6,6,1240,2,0,3,6,1,338,0
274,8314,5,7,816,1,0,2,5,0,264,0
275,7264,7,7,952,2,1,3,5,0,672,1
276,9196,7,5,1560,2,0,3,7,0,573,1
277,19138,4,5,864,1,0,2,4,0,400,0
278,14450,9,5,2121,2,1,3,8,1,732,1
279,10005,7,5,1160,2,1,4,8,1,505,1
280,11287,7,6,807,2,1,3,7,1,575,1
281,7200,6,5,1262,2,0,2,5,0,572,1
282,5063,7,5,1314,2,0,2,6,1,626,1
283,9612,8,5,1468,2,0,3,6,1,898,1
284,8012,6,5,1575,2,0,2,5,0,529,1
285,4251,7,5,625,2,1,2,5,0,528,1
286,9786,6,7,912,1,1,3,7,1,440,0
287,8125,4,4,858,1,0,3,5,0,0,0
288,9819,5,5,882,1,0,3,5,0,280,0
289,8730,6,7,698,1,0,3,7,0,384,0
290,15611,8,5,1079,2,1,3,8,1,685,1
291,5687,5,6,780,2,0,6,9,0,0,0
292,11409,5,4,768,1,1,3,8,1,281,0
293,16659,7,7,795,2,1,3,9,1,539,1
294,9600,6,5,1416,1,0,3,7,2,418,1
295,7937,6,6,1003,1,0,3,6,0,588,0
296,13710,5,5,910,1,1,4,6,0,282,0
297,7399,7,5,975,2,1,3,7,1,576,1
298,11700,6,6,702,1,2,3,7,1,539,1
299,14000,6,8,1092,1,0,3,6,1,300,0
300,15750,5,5,1165,1,0,2,5,2,375,0
301,16226,8,5,1028,2,1,4,9,1,683,1
302,13704,7,5,1541,2,0,3,6,1,843,1
303,9800,5,7,894,1,0,3,5,0,552,0
304,18386,7,9,1470,3,0,3,10,1,870,1
305,10386,8,5,2000,2,0,3,8,0,888,1
306,13474,7,5,700,2,1,4,8,1,746,1
307,7920,6,7,319,1,0,3,6,0,0,0
308,12342,4,5,861,1,0,1,4,0,539,0
309,12378,9,5,1896,2,0,3,8,3,708,1
310,7685,6,5,697,2,1,3,6,1,420,1
311,8000,6,6,972,1,0,2,5,1,240,0
312,7800,5,7,793,1,0,3,5,1,410,0
313,215245,7,5,2136,2,0,3,8,2,513,1
314,9600,7,7,728,1,1,3,6,1,546,1
315,7795,7,5,716,2,1,3,6,1,432,1
316,13005,7,7,845,2,1,4,10,1,484,1
317,9000,8,5,1088,2,1,3,8,1,1025,1
318,9900,7,5,1347,2,1,4,9,1,656,1
319,14115,7,5,1372,2,0,3,6,2,588,1
320,16259,9,5,1249,3,1,4,9,0,840,1
321,12099,8,5,1136,2,1,4,10,1,872,1
322,10380,7,5,1502,2,1,4,8,1,576,1
323,5820,3,8,1162,1,0,3,6,0,220,0
324,11275,7,7,710,2,1,5,11,1,564,1
325,5000,5,6,720,1,0,2,5,0,360,0
326,10846,8,5,1719,1,1,1,6,2,473,1
327,11600,6,5,1383,1,1,3,7,0,292,0
328,11888,6,6,844,2,0,5,10,0,441,1
329,6402,5,5,596,1,0,3,6,0,189,0
330,10624,5,4,1728,2,0,6,10,0,352,0
331,8176,5,6,1056,1,0,3,6,0,308,0
332,10655,8,5,3206,2,0,3,7,1,880,1
333,8198,7,5,1358,2,0,2,6,1,484,1
334,9042,6,5,943,2,1,3,7,2,472,1
335,164660,5,6,1499,2,0,3,7,2,529,1
336,14157,9,5,1922,2,0,3,8,1,676,1
337,9135,7,5,1536,2,0,3,7,0,532,1
338,14145,7,7,1208,2,0,3,8,0,440,1
339,12400,6,7,1215,1,0,3,6,0,297,0
340,14191,8,5,967,2,1,4,9,0,431,1
341,8400,4,4,721,1,0,2,4,0,294,0
342,8544,3,4,0,2,0,2,6,0,400,0
343,8849,9,5,1684,2,0,2,6,1,564,1
344,2592,5,3,536,1,1,3,4,0,336,0
345,6435,6,5,972,1,0,3,6,1,312,0
346,12772,6,8,958,1,0,2,5,0,301,0
347,17600,6,5,1478,2,0,3,6,2,498,0
348,2448,7,5,764,2,1,2,6,0,474,0
349,20431,9,5,1848,2,1,4,10,2,706,1
350,7820,9,5,1869,2,0,2,6,1,617,1
351,5271,7,5,1453,1,1,2,6,1,445,1
352,9084,5,6,616,1,0,3,5,0,200,0
353,8520,6,8,624,1,0,2,5,0,484,0
354,8400,6,5,940,1,0,2,6,2,240,0
355,11249,6,5,1200,2,0,3,6,0,521,1
356,9248,6,6,1158,2,0,3,6,0,400,1
357,4224,5,5,1142,1,1,3,6,1,528,0
358,6930,5,4,1062,1,0,3,6,0,288,0
359,12011,8,5,1086,2,1,3,7,1,592,1
360,7540,6,6,888,1,0,2,5,1,470,0
361,9144,5,5,883,1,0,3,8,0,240,0
362,7301,7,5,0,3,0,4,7,1,672,1
363,1680,6,8,483,1,1,2,5,0,264,0
364,18800,6,5,796,2,1,3,6,1,566,1
365,10690,5,7,672,1,0,3,6,0,468,0
366,9500,6,5,1394,1,1,3,6,2,514,0
367,9150,6,5,1099,1,0,3,6,1,296,1
368,7800,5,6,1268,1,0,2,7,1,244,0
369,9830,5,7,1063,1,0,3,7,1,576,0
370,8121,6,5,953,2,1,3,7,1,460,1
371,17120,4,4,0,2,0,4,7,1,680,0
372,7175,6,5,744,1,0,2,4,0,264,0
373,10634,5,6,608,1,0,3,5,0,270,0
374,8200,7,5,847,2,1,4,8,1,434,1
375,10020,1,1,683,0,1,1,4,0,0,0
376,8846,5,5,870,1,0,2,5,0,576,0
377,11143,8,5,1580,3,0,4,8,1,610,1
378,11394,9,2,1856,1,1,1,8,1,834,1
379,8123,6,5,982,2,1,3,7,1,463,1
380,5000,5,6,1026,2,0,3,6,1,308,0
381,7200,7,5,1293,2,0,2,5,1,572,1
382,9245,7,5,939,2,1,3,8,0,639,1
383,9000,6,3,784,1,0,2,5,0,360,0
384,53107,6,5,1580,2,1,3,9,2,501,1
385,3182,8,5,1256,2,0,2,6,1,430,1
386,8410,5,3,658,1,0,5,8,0,0,0
387,7200,6,6,1041,1,0,3,6,1,352,0
388,9382,7,5,1468,2,0,3,6,0,577,1
389,12474,10,5,1682,2,1,3,9,1,846,1
390,8405,5,8,861,1,0,4,7,0,384,0
391,12209,6,5,804,2,1,3,7,1,560,1
392,8339,5,7,0,1,0,3,5,0,294,0
393,7446,4,5,788,1,0,2,4,2,0,0
394,10134,5,6,735,1,0,2,5,0,240,0
395,9571,5,6,1144,1,0,3,6,0,596,0
396,7200,5,5,894,1,0,2,6,0,600,0
397,7590,5,5,864,2,0,4,8,1,264,1
398,8967,5,2,961,1,0,2,6,0,338,0
399,8125,7,5,1092,2,0,2,7,0,438,1
400,14963,8,5,1260,1,1,1,4,2,500,1
401,8767,7,5,1310,2,0,3,6,1,400,1
402,10200,5,8,672,1,0,2,4,0,240,0
403,12090,8,5,1141,2,1,4,10,1,420,1
404,10364,6,5,806,2,1,3,7,1,373,1
405,9991,4,4,1281,2,0,3,8,1,490,0
406,10480,6,5,1064,1,0,3,6,0,240,0
407,15576,6,7,840,2,0,4,8,0,308,1
408,14154,7,5,1063,2,1,3,9,1,947,1
409,10800,8,5,1034,2,1,3,8,1,836,1
410,9571,5,3,1276,1,0,3,5,0,350,0
411,34650,5,5,1056,1,0,3,5,0,572,0
412,4403,7,5,1470,2,1,2,7,1,484,1
413,8960,5,6,1008,1,0,2,5,1,360,0
414,11228,7,5,1080,2,1,3,9,1,678,1
415,8899,7,5,1340,2,0,3,6,0,396,1
416,7844,6,7,672,1,1,3,6,1,440,0
417,22420,6,6,1370,2,1,4,10,1,864,1
418,8160,5,6,756,1,1,3,7,0,240,0
419,8450,5,6,1056,1,0,3,6,1,304,0
420,7060,7,5,1344,2,0,2,8,0,784,1
421,16635,6,7,1602,2,0,3,8,1,529,1
422,21750,5,5,988,1,0,2,4,0,520,0
423,9200,8,5,1470,2,1,4,8,1,696,1
424,9000,6,5,1196,1,0,2,6,1,297,0
425,3378,7,8,651,1,1,3,6,2,240,0
426,12800,7,5,1518,2,0,2,5,1,569,1
427,8593,4,6,907,1,0,3,5,0,352,0
428,6762,7,5,1208,2,0,2,6,0,628,1
429,11457,6,5,1392,2,0,3,6,1,576,1
430,1680,6,5,483,1,1,2,4,0,264,0
431,5586,6,7,901,1,0,4,7,0,0,0
432,1920,5,5,765,1,1,2,6,0,440,0
433,10839,6,5,926,2,1,3,7,1,470,1
434,1890,4,7,630,1,0,1,3,0,0,0
435,10667,7,6,799,2,1,3,6,1,550,1
436,4400,6,8,648,1,0,2,6,0,440,0
437,6000,6,7,884,1,0,2,4,0,180,0
438,4280,5,6,440,1,0,2,4,1,352,0
439,12354,6,8,684,1,0,3,7,0,528,0
440,15431,10,5,3094,2,0,2,10,2,672,1
441,12108,4,4,1440,2,0,4,8,0,0,0
442,6240,5,7,1078,2,0,3,8,1,360,0
443,3922,7,5,1258,2,0,2,6,1,648,1
444,8750,7,5,915,2,1,4,8,1,493,1
445,9855,6,5,1436,1,0,3,7,1,480,0
446,16492,6,6,1517,2,1,2,6,1,578,1
447,11214,7,5,930,2,1,4,10,1,431,1
448,8600,6,6,780,2,0,3,7,1,198,0
449,6000,3,7,649,1,1,2,6,0,308,0
450,5684,6,8,813,1,0,2,5,0,270,0
451,70761,7,5,1533,2,0,2,5,2,576,1
452,9303,6,5,872,2,1,3,7,0,422,1
453,9000,8,5,768,2,1,3,6,0,676,1
454,9297,5,5,1728,2,0,4,8,0,560,1
455,9600,7,6,1242,1,1,3,6,1,528,1
456,4571,5,5,624,1,0,4,7,0,513,0
457,53227,4,6,1364,1,0,2,6,2,529,1
458,5100,8,7,588,1,0,3,7,1,228,0
459,7015,5,4,709,1,0,3,5,1,352,0
460,8004,8,5,832,2,1,3,8,0,552,1
461,7200,7,9,560,1,0,3,6,0,576,0
462,8281,5,5,864,1,0,3,5,1,360,0
463,11988,6,7,715,1,1,3,6,1,240,1
464,8430,5,5,1040,2,0,3,5,0,0,0
465,3072,7,5,1375,2,0,2,6,1,398,1
466,10628,7,5,1277,1,0,2,5,1,526,1
467,9480,5,7,728,1,1,3,7,2,312,0
468,11428,8,5,1626,2,0,3,7,1,866,1
469,9291,6,5,832,2,1,3,7,0,506,1
470,6820,8,5,1488,1,1,1,4,0,528,1
471,11952,7,6,808,2,1,3,8,1,534,1
472,3675,6,5,547,1,0,2,5,0,525,0
473,14977,8,5,1976,2,0,2,7,1,908,1
474,5330,8,5,1494,2,0,2,6,0,499,1
475,8480,5,6,970,1,0,2,5,0,624,0
476,13125,6,5,1478,2,0,3,7,1,508,1
477,13693,9,5,2153,2,1,3,9,1,694,1
478,10637,8,5,1705,2,0,3,7,1,826,1
479,5925,4,7,907,1,0,2,7,0,672,0
480,16033,9,5,1833,2,0,3,8,1,772,1
481,11846,9,5,1792,2,0,2,6,1,874,1
482,2500,7,8,910,1,1,4,7,1,164,0
483,4500,6,5,1216,2,0,2,5,0,402,1
484,7758,5,7,999,1,0,3,6,0,264,0
485,9600,5,7,1113,1,0,3,5,1,264,0
486,10289,5,7,1073,1,1,3,6,0,515,0
487,12243,5,6,1484,2,0,3,7,1,487,1
488,10800,5,4,954,2,0,3,10,1,520,0
489,1526,4,8,630,1,0,1,3,0,286,0
490,2665,5,6,264,1,1,3,4,1,336,0
491,9490,6,7,806,1,0,3,5,2,240,0
492,15578,6,5,728,2,1,3,8,0,429,1
493,7931,5,6,1269,1,1,3,6,1,308,0
494,5784,5,8,190,1,0,2,4,0,273,0
495,7879,4,5,720,1,0,2,4,0,0,0
496,12692,8,5,3200,3,0,4,10,1,546,1
497,9120,7,6,1026,2,0,4,8,0,240,1
498,7800,5,7,864,1,0,3,5,0,288,0
499,7535,5,7,912,1,0,2,5,0,297,0
500,1890,6,5,672,1,1,3,7,0,264,0
501,9803,7,5,866,2,1,3,7,0,603,1
502,9170,5,7,1214,1,0,2,6,0,461,0
503,15602,7,8,1501,2,0,1,6,2,484,1
504,2308,6,5,855,2,1,3,6,1,440,0
505,7596,5,5,960,2,0,4,10,0,400,0
506,9554,8,5,777,2,1,3,8,1,471,1
507,7862,6,5,1218,2,0,2,4,0,676,1
508,9600,7,9,689,2,0,3,7,1,360,0
509,9600,5,6,1041,1,0,3,6,0,270,0
510,14559,5,7,1008,1,0,2,6,2,288,1
511,6792,7,5,1368,2,0,2,6,1,474,1
512,9100,5,5,864,1,0,3,5,0,624,0
513,9187,6,5,1084,1,1,3,5,0,484,0
514,10594,5,5,768,1,0,2,5,0,200,0
515,12220,10,5,2006,2,1,3,9,1,900,1
516,10448,6,6,689,2,1,3,7,1,583,0
517,10208,7,5,1264,2,1,3,7,1,889,1
518,9531,6,5,794,2,1,3,7,0,546,1
519,10918,7,9,1276,1,1,3,9,2,282,1
520,10800,4,7,0,2,0,3,7,0,0,0
521,11988,6,6,1244,1,1,3,6,2,336,0
522,5000,6,7,1004,2,0,3,7,2,420,0
523,40094,10,5,3138,3,1,3,11,1,884,1
524,11787,7,5,1379,2,1,3,8,1,834,1
525,7500,7,5,1257,2,0,3,6,1,453,1
526,13300,5,7,928,1,0,2,4,0,252,0
527,14948,9,5,1452,2,1,3,11,1,858,1
528,9098,4,7,528,1,0,2,5,0,0,0
529,32668,6,3,2035,3,0,4,9,2,484,1
530,10200,6,5,1461,2,0,3,5,1,600,1
531,6155,6,8,611,2,0,3,6,0,502,0
532,7200,5,7,0,1,0,2,5,1,392,0
533,5000,1,3,0,1,0,1,2,0,0,0
534,9056,8,5,707,2,1,3,6,1,403,1
535,7000,5,7,1117,1,0,3,5,0,0,0
536,8924,7,5,880,2,1,3,8,0,527,1
537,12735,4,5,864,1,0,3,5,0,576,0
538,11553,5,5,1051,1,1,3,7,1,336,0
539,11423,8,5,1581,2,0,3,6,1,670,1
540,14601,9,5,1838,2,0,2,8,1,765,1
541,11000,8,5,969,2,1,4,8,1,648,1
542,10140,7,5,1650,2,0,3,7,1,583,1
543,4058,7,5,723,1,0,1,4,0,367,0
544,17104,7,5,654,2,1,3,7,1,426,1
545,13837,7,5,1204,2,1,4,9,0,786,1
546,8737,6,7,1065,1,1,3,6,1,440,1
547,7244,5,7,768,1,0,2,5,0,624,0
548,8235,5,7,825,1,0,2,4,0,720,0
549,9375,7,5,912,2,1,4,8,1,615,1
550,4043,6,6,1069,2,0,2,4,0,440,0
551,6000,5,6,928,1,0,3,5,0,288,0
552,11146,8,5,1709,2,0,3,7,1,908,1
553,8777,4,5,0,2,0,2,5,0,520,0
554,10625,7,5,998,2,1,3,8,1,871,1
555,6380,5,6,993,1,0,2,5,1,280,0
556,14850,5,5,1092,1,0,2,6,1,299,0
557,11040,4,6,637,1,1,3,7,0,570,0
558,21872,7,5,729,2,1,3,6,1,406,1
559,3196,7,5,1374,2,0,2,7,1,420,1
560,11341,5,6,1392,1,1,3,5,1,528,0
561,10010,5,5,1389,1,0,2,6,1,418,1
562,13907,5,6,996,1,0,3,6,1,0,0
563,21780,6,7,1163,2,0,4,8,1,396,1
564,13346,7,5,1095,2,1,4,9,1,590,1
565,6858,6,4,806,1,1,4,6,0,216,0
566,11198,9,5,1122,2,1,4,11,1,656,1
567,10171,7,5,1517,2,0,3,7,0,532,1
568,12327,8,8,1496,1,1,1,5,1,612,1
569,7032,5,5,943,1,0,2,4,2,600,0
570,13101,5,5,1728,2,0,6,10,0,576,0
571,7332,6,6,864,1,0,2,4,0,288,0
572,13159,7,5,846,2,1,3,6,0,650,1
573,9967,7,5,384,2,1,3,8,1,400,1
574,10500,5,7,372,1,0,3,5,0,288,0
575,8480,5,5,832,1,0,2,6,0,336,0
576,6292,7,7,861,2,0,3,6,1,216,0
577,11777,5,6,1164,1,0,3,6,2,564,1
578,3604,7,5,689,2,0,2,5,0,540,0
579,12150,5,5,1050,2,0,4,7,0,352,0
580,14585,6,6,1144,1,0,3,7,2,572,1
581,12704,8,5,2042,2,1,3,8,1,1390,1
582,11841,6,5,816,1,0,3,5,0,0,0
583,13500,10,9,1237,3,1,3,9,1,880,1
584,6120,4,7,884,1,0,3,6,0,240,0
585,11443,8,5,1868,2,0,2,7,2,880,1
586,10267,6,7,816,1,0,2,5,0,275,0
587,8740,5,6,840,1,0,2,4,0,528,0
588,25095,5,8,1437,1,0,1,5,2,452,0
589,9100,5,6,742,1,0,2,4,0,308,0
590,8320,7,5,770,2,1,3,6,0,520,1
591,13478,10,5,1722,2,1,3,10,1,842,1
592,6600,5,8,816,1,0,2,4,0,816,0
593,4435,6,5,848,1,0,1,4,0,420,0
594,7990,5,6,924,1,0,3,5,0,280,0
595,11302,8,5,1814,2,0,3,7,1,758,1
596,3600,6,7,684,1,0,3,7,0,216,0
597,3922,7,5,1258,0,2,2,7,1,648,1
598,12984,5,6,1430,2,0,3,7,1,621,1
599,1950,6,6,716,2,1,3,6,1,452,0
600,10927,8,5,1058,2,1,3,8,1,736,1
601,9000,6,6,780,1,1,3,6,1,544,0
602,10041,8,5,908,2,1,3,8,1,506,1
603,3182,7,5,600,2,1,2,4,0,480,0
604,12803,7,5,1494,2,0,3,6,1,530,1
605,13600,7,6,768,2,1,3,7,3,486,1
606,12464,5,5,1040,1,0,3,6,0,576,0
607,7800,5,8,896,3,0,3,8,0,230,1
608,12168,8,6,965,2,1,4,10,2,380,1
609,7943,4,5,1029,1,0,3,5,0,261,0
610,11050,9,5,1440,2,1,3,8,2,736,1
611,10395,6,6,1032,2,0,3,6,1,564,0
612,11885,8,5,1299,2,1,3,7,1,531,1
613,8402,5,5,1120,1,0,3,6,0,0,0
614,1491,4,6,630,1,0,1,3,0,0,0
615,8800,6,7,936,1,0,3,6,0,480,0
616,7861,6,5,783,2,1,3,7,1,393,1
617,7227,6,6,832,1,0,2,4,0,528,0
618,11694,9,5,1822,2,0,3,9,1,774,1
619,12244,8,5,1482,2,1,4,10,2,749,1
620,8248,3,3,864,1,0,2,5,0,0,0
621,10800,6,7,1522,2,1,4,9,1,624,1
622,7064,5,6,980,1,0,3,6,0,484,0
623,2117,6,5,756,2,1,2,4,1,440,1
624,10400,6,5,732,1,2,4,8,1,484,1
625,10000,6,6,1116,1,1,3,5,0,440,0
626,12342,5,5,978,1,0,3,6,1,286,0
627,9600,6,6,1156,1,0,3,7,2,364,0
628,11606,5,5,1040,1,2,5,9,2,504,0
629,9020,6,5,1248,1,1,3,6,0,520,1
630,9000,5,6,636,1,0,3,8,0,240,0
631,4590,8,5,1554,2,0,2,6,1,627,1
632,11900,7,5,1386,2,0,3,6,1,544,0
633,9250,5,7,1056,1,0,3,6,0,260,0
634,6979,6,5,1056,0,0,0,4,0,576,0
635,10896,6,7,1440,2,0,8,14,0,0,1
636,6120,2,3,264,1,0,1,4,1,0,0
637,6000,5,4,811,2,0,3,7,0,256,0
638,8777,5,7,796,1,0,2,4,0,0,0
639,3982,8,5,1520,2,0,1,7,1,648,1
640,12677,8,5,1518,1,1,1,6,1,588,1
641,7050,7,5,1057,2,1,3,7,1,650,1
642,13860,8,7,1952,2,1,4,9,3,538,1
643,10793,5,5,780,2,1,4,7,0,462,0
644,9187,9,5,1766,2,1,2,7,1,478,1
645,10530,6,5,981,1,1,3,5,0,576,0
646,7200,5,5,0,1,0,3,7,0,420,0
647,10452,6,5,1094,1,0,3,5,2,495,0
648,7700,6,5,756,1,1,4,7,1,442,0
649,1936,4,6,630,1,0,1,3,0,0,0
650,8125,7,6,813,2,1,3,7,0,562,1
651,9084,4,5,755,1,0,4,7,1,296,0
652,8750,7,5,880,2,1,2,7,1,512,1
653,10320,6,7,756,1,0,3,7,0,216,0
654,10437,8,6,2109,2,1,2,7,1,839,1
655,1680,6,5,525,1,1,3,6,0,264,0
656,10007,5,7,1053,1,1,3,5,0,312,0
657,7200,7,6,776,1,1,3,6,1,270,0
658,17503,6,5,912,1,0,3,6,1,330,0
659,9937,5,7,1486,1,0,3,7,0,480,1
660,12384,7,7,793,2,1,3,7,1,550,1
661,46589,8,7,1629,2,1,4,8,1,711,1
662,13560,6,3,1392,1,0,2,5,2,576,0
663,10012,4,5,1138,2,0,3,6,0,588,0
664,20896,8,5,2077,1,1,1,8,1,1134,1
665,11194,8,5,1406,2,1,3,7,1,504,1
666,18450,6,5,1021,2,1,3,7,1,596,0
667,8125,6,5,1408,2,0,3,7,1,575,1
668,14175,5,6,1188,1,1,3,6,1,576,1
669,11600,4,5,700,1,0,2,5,1,252,0
670,8633,6,5,738,2,1,3,7,0,540,1
671,6629,6,6,672,2,0,3,6,0,300,0
672,11250,6,6,1208,1,1,3,6,1,546,1
673,14442,6,7,1477,2,0,3,7,2,416,1
674,9200,6,6,1136,1,0,3,5,1,384,0
675,2289,6,6,855,2,1,3,7,1,440,0
676,9600,4,2,1095,2,0,4,8,0,779,0
677,9022,5,8,768,1,0,2,5,0,240,0
678,11844,8,5,2046,2,1,3,7,1,834,1
679,9945,5,5,988,1,0,3,5,0,572,0
680,8012,6,5,923,2,0,2,5,1,264,0
681,4500,5,5,793,1,0,3,6,0,281,0
682,2887,6,5,1291,1,0,2,6,1,431,1
683,11248,9,5,1626,2,0,3,7,1,702,1
684,16770,7,5,1195,2,1,4,7,0,486,1
685,5062,7,5,1190,2,0,3,6,1,577,1
686,10207,7,6,874,3,0,3,7,0,578,1
687,5105,7,5,551,2,1,2,4,0,480,0
688,8089,8,6,1419,2,0,2,7,1,567,1
689,7577,6,5,1362,2,0,2,6,1,460,1
690,4426,6,5,848,1,0,1,3,1,420,0
691,21535,10,6,2444,3,1,4,10,2,832,1
692,26178,7,5,1210,2,1,4,9,2,628,1
693,5400,5,6,1073,1,0,2,4,0,326,0
694,6120,5,6,927,1,1,3,5,0,576,0
695,13811,6,6,1112,2,0,2,5,1,551,1
696,6000,5,7,616,1,0,2,4,0,205,0
697,6420,5,7,980,1,0,2,6,0,308,0
698,8450,5,8,894,1,0,3,5,1,336,0
699,4282,7,5,1391,2,0,2,5,0,530,1
700,14331,8,5,1800,2,0,3,7,1,765,1
701,9600,7,5,1164,1,1,3,6,0,528,0
702,12438,8,5,1234,2,1,4,10,1,666,1
703,7630,5,9,360,2,0,4,8,1,672,0
704,8400,7,5,1473,2,0,3,7,0,606,1
705,5600,4,5,0,2,0,3,7,0,0,0
706,115149,7,5,1643,2,0,2,5,2,739,1
707,6240,8,5,1324,2,0,2,6,1,550,1
708,9018,7,5,728,2,1,3,8,1,400,1
709,7162,5,7,876,1,0,3,6,0,408,0
710,4130,3,6,270,1,0,2,5,0,0,0
711,8712,4,7,859,1,0,2,7,0,384,0
712,4671,8,5,1228,2,0,2,5,1,472,1
713,9873,4,5,960,1,0,3,6,0,576,0
714,13517,6,8,725,2,1,3,6,0,475,0
715,10140,6,5,1064,2,0,3,7,1,478,1
716,10800,7,8,718,1,1,3,8,0,704,0
717,10000,5,6,1176,1,1,3,5,1,439,0
718,10542,7,5,1311,2,1,3,9,1,983,1
719,9920,5,6,971,1,1,3,5,1,300,0
720,6563,8,5,1742,2,0,2,5,1,564,1
721,4426,6,5,848,1,0,1,3,0,420,0
722,8120,4,7,864,1,0,3,5,0,463,0
723,8172,4,6,941,2,0,4,7,0,548,0
724,13286,9,5,1698,2,0,3,8,1,768,1
725,6960,4,6,864,1,0,3,5,0,660,0
726,21695,6,9,880,2,0,3,5,1,540,1
727,7314,7,5,1232,2,0,2,6,0,632,1
728,11475,5,5,1584,2,0,4,9,0,888,0
729,6240,4,5,780,1,0,2,5,0,539,0
730,5389,8,5,1595,2,0,2,5,1,608,1
731,9590,7,5,868,2,0,3,6,1,438,1
732,11404,7,5,1153,2,1,3,8,1,541,1
733,10000,5,6,864,1,0,3,6,1,264,0
734,8978,5,5,948,1,0,3,6,0,300,0
735,10800,7,7,880,1,1,2,6,2,320,0
736,8544,3,4,0,2,0,2,6,0,400,0
737,10463,8,5,893,2,1,3,8,1,800,1
738,10800,5,5,1200,3,0,3,5,0,0,1
739,9313,7,5,864,2,1,3,7,0,572,1
740,9600,5,7,264,2,0,2,7,0,360,0
741,6768,6,8,912,1,0,3,5,0,288,0
742,8450,7,5,1349,2,0,3,6,0,539,1
743,12886,5,6,520,2,0,3,6,1,480,1
744,5395,8,5,1337,2,0,2,5,1,462,1
745,8963,8,9,1142,3,1,4,11,2,831,1
746,8795,7,5,952,2,1,4,8,1,554,1
747,11700,7,7,1240,1,1,4,8,1,864,1
748,10593,7,5,1720,2,0,3,7,1,527,1
749,8405,4,3,0,2,0,4,9,0,240,0
750,8800,4,7,576,1,0,3,7,0,0,0
751,7750,7,5,660,2,1,3,6,0,400,0
752,9236,6,5,1479,2,0,3,6,0,576,1
753,10240,8,5,1030,2,1,3,8,1,878,1
754,7930,6,8,1026,1,0,3,5,0,440,0
755,3230,6,5,729,2,1,3,6,0,440,1
756,10769,8,5,866,2,1,3,7,0,578,1
757,11616,6,5,672,2,1,3,6,1,440,0
758,2280,7,5,744,2,1,3,6,0,440,1
759,12257,8,5,1318,2,1,4,9,1,752,1
760,9100,6,6,864,1,0,2,5,0,300,0
761,6911,5,5,1145,1,0,2,5,0,440,0
762,8640,7,5,756,2,1,3,7,0,614,1
763,9430,8,5,1252,2,1,3,8,1,856,1
764,9549,8,5,1494,1,1,2,6,1,481,1
765,14587,9,5,1498,2,0,2,6,1,592,1
766,10421,7,5,980,2,1,3,7,1,496,1
767,12508,6,7,983,2,0,4,7,0,423,0
768,9100,7,5,1860,2,0,3,8,1,484,1
769,53504,8,5,1650,3,1,4,12,1,841,1
770,7252,5,5,858,1,0,2,5,0,576,0
771,8877,4,5,836,1,0,2,6,0,396,0
772,7819,6,5,1029,1,0,3,6,1,672,0
773,10150,5,5,912,1,0,2,5,0,275,0
774,14226,8,5,1935,2,0,3,9,1,895,1
775,4500,6,5,1204,2,0,2,5,0,412,0
776,11210,7,5,1614,2,0,3,7,0,865,1
777,13350,5,5,864,1,0,3,5,1,440,0
778,8400,5,5,0,2,0,4,10,2,630,0
779,10530,6,5,975,1,0,2,4,0,504,0
780,7875,7,5,1237,2,0,3,6,1,402,1
781,7153,6,5,761,2,1,3,7,0,484,1
782,16285,7,5,1413,2,0,3,6,0,605,1
783,9101,5,6,1097,1,0,1,4,1,602,1
784,6300,6,6,742,2,0,3,9,1,0,0
785,9790,6,5,1372,2,0,3,7,1,457,0
786,10800,5,6,686,2,0,4,7,0,416,0
787,10142,7,5,956,2,1,4,8,0,618,1
788,6000,4,7,901,1,0,2,4,0,281,0
789,12205,6,8,832,2,1,5,9,0,444,1
790,3182,7,5,1145,2,0,2,5,1,397,0
791,11333,6,5,1029,1,0,3,5,2,539,0
792,9920,7,5,1117,2,1,3,8,1,455,1
793,9158,8,5,1496,2,0,3,7,0,474,1
794,10832,7,5,712,2,1,3,7,1,409,1
795,8400,6,6,650,2,1,3,7,1,476,1
796,8197,6,5,660,1,1,3,7,1,528,0
797,7677,5,5,773,1,0,2,4,0,240,0
798,13518,9,5,1926,3,1,4,11,2,820,1
799,7200,5,7,731,1,1,3,7,2,240,1
800,12798,6,5,616,2,1,4,8,0,603,1
801,4800,4,7,1196,1,0,2,5,0,440,0
802,8199,7,5,728,2,1,3,7,1,410,1
803,13891,9,5,1734,3,1,4,12,1,1020,1
804,9000,5,5,936,1,0,2,5,0,286,0
805,12274,7,5,1417,2,0,3,6,0,554,1
806,9750,5,5,980,2,0,3,6,0,384,0
807,21384,5,6,1324,1,1,3,6,1,528,1
808,13400,5,5,1024,1,0,3,6,1,484,0
809,8100,5,5,849,2,0,2,11,0,360,0
810,10140,6,6,1040,1,1,3,5,1,484,1
811,4438,6,5,848,1,0,1,4,1,420,0
812,8712,5,5,540,1,0,2,4,0,504,0
813,9750,6,6,1442,1,1,4,7,0,301,0
814,8248,5,7,686,1,1,3,7,0,280,0
815,12137,7,5,1649,2,0,3,6,0,598,1
816,11425,5,6,1008,1,0,2,4,1,275,0
817,13265,8,5,1568,2,0,3,7,2,857,1
818,8816,6,7,1010,1,0,3,6,0,440,0
819,6371,7,5,1358,2,0,2,6,1,484,1
820,7226,7,5,798,2,1,3,6,0,595,1
821,6000,4,4,936,1,0,2,4,0,576,0
822,12394,7,5,847,2,1,3,7,1,433,1
823,9900,6,7,778,2,0,3,7,1,240,0
824,11216,8,5,1489,2,0,3,7,1,776,1
825,14803,10,5,2078,2,0,2,7,1,1220,1
826,6130,5,6,784,1,0,2,5,0,0,0
827,8529,7,5,1454,2,0,3,6,1,527,1
828,28698,5,5,1013,2,1,3,7,0,538,1
829,2544,7,5,600,2,1,2,4,0,480,0
830,11900,6,5,1392,1,1,3,6,2,458,1
831,3180,7,5,600,2,1,2,4,0,480,0
832,9548,7,6,941,2,1,3,7,1,613,1
833,10004,6,6,1516,1,1,3,6,0,472,1
834,7875,5,6,1144,1,0,3,6,0,456,0
835,9600,4,7,1067,2,0,2,4,0,436,0
836,8100,5,6,1559,1,0,2,5,0,812,0
837,1680,6,5,483,1,1,2,5,0,264,0
838,9525,5,6,1099,1,1,3,6,0,352,0
839,11767,5,6,768,1,0,3,6,0,240,0
840,12155,6,8,672,2,0,4,7,0,400,0
841,10440,5,8,650,2,0,3,8,1,686,0
842,9020,6,7,1127,1,1,3,6,0,490,1
843,8000,5,4,1800,2,0,6,10,0,0,0
844,12665,5,8,876,1,1,4,7,1,720,0
845,16647,5,5,1390,2,0,3,6,2,611,1
846,9317,7,5,740,2,1,3,7,1,425,1
847,15523,5,6,864,1,0,3,5,1,338,0
848,45600,6,8,907,3,0,5,10,1,360,1
849,9600,6,7,528,2,1,3,7,1,512,1
850,4435,6,5,848,1,0,1,3,0,420,0
851,3196,8,5,1273,2,0,2,7,1,400,1
852,7128,7,5,918,2,0,4,7,2,240,1
853,12095,6,6,1127,1,1,3,7,1,645,0
854,17920,5,4,1763,1,1,3,6,1,454,1
855,6897,5,8,1040,1,1,3,6,0,260,0
856,10970,6,6,940,1,0,3,5,0,576,0
857,8125,6,5,702,2,1,3,6,1,343,1
858,10400,7,5,1090,2,0,3,6,1,479,0
859,11029,6,7,1054,2,1,4,9,1,619,1
860,7642,7,8,912,1,1,3,7,1,216,1
861,11625,5,4,1039,1,1,3,6,0,504,0
862,9672,6,5,1040,2,0,3,6,0,480,0
863,7931,5,5,1148,1,0,3,6,0,672,0
864,8640,7,5,1372,2,0,3,6,0,529,1
865,8750,5,6,1002,1,0,3,5,0,902,0
866,10656,8,5,1638,2,0,3,6,1,870,1
867,6970,4,5,1040,1,1,3,5,0,544,0
868,14762,5,6,0,2,0,2,7,1,672,1
869,9938,7,5,1050,2,1,3,8,1,574,1
870,6600,5,5,894,1,0,2,5,0,308,0
871,8750,6,5,804,2,1,3,7,0,523,1
872,8892,5,7,105,1,0,3,5,0,414,0
873,12144,5,7,832,1,0,3,6,1,288,0
874,5720,5,6,676,1,1,3,5,0,200,0
875,9000,8,5,1184,2,1,4,11,1,550,1
876,25286,4,5,1064,1,0,3,5,0,648,0
877,8834,9,5,1462,2,1,4,10,1,738,1
878,11782,5,7,1109,1,0,3,6,0,576,0
879,7000,5,8,864,1,0,3,6,0,336,0
880,7024,5,5,1090,1,1,2,5,0,450,0
881,13758,7,5,1156,2,1,3,7,1,400,1
882,9636,6,5,808,2,1,3,7,1,389,1
883,6204,4,5,795,1,0,5,10,0,440,0
884,7150,5,5,892,1,0,3,5,0,288,0
885,5119,9,5,1698,2,0,2,5,1,506,1
886,8393,5,5,1626,2,0,4,8,0,588,0
887,16466,5,7,816,1,1,3,8,0,300,0
888,15865,8,6,2217,2,0,4,8,1,621,1
889,12160,6,4,1505,1,0,2,6,1,505,0
890,8064,5,7,672,1,0,3,6,1,576,0
891,11184,6,5,918,2,1,3,7,1,440,1
892,8414,6,8,1059,1,0,3,6,0,264,0
893,13284,5,5,1383,1,0,3,6,1,354,1
894,7018,5,5,0,2,0,4,8,0,400,0
895,7056,6,5,780,1,1,4,8,1,483,0
896,8765,4,6,951,1,0,2,6,0,327,0
897,7018,5,5,0,2,0,6,12,0,528,0
898,12919,9,5,2330,2,1,2,11,2,820,1
899,6993,5,7,912,1,0,3,6,1,288,0
900,7340,4,6,858,1,0,2,4,0,684,0
901,8712,5,7,992,1,0,2,5,0,756,0
902,7875,7,5,783,2,1,3,8,1,393,1
903,14859,7,5,1670,2,0,3,7,1,690,1
904,6173,5,6,876,1,0,3,6,0,288,0
905,9920,5,5,1056,1,0,3,6,0,280,0
906,13501,8,5,1623,2,0,3,8,1,865,1
907,11500,7,7,1017,1,1,3,6,1,180,1
908,8885,5,5,864,1,0,2,5,0,484,0
909,12589,6,5,742,2,1,3,8,1,390,1
910,11600,5,5,1105,2,0,5,12,0,480,0
911,9286,5,7,1268,1,1,3,5,0,252,0
912,6120,5,7,768,1,0,3,6,0,450,0
913,6270,5,6,1001,2,0,4,8,0,871,0
914,3000,6,5,612,2,1,2,4,0,528,1
915,2001,4,5,546,1,1,3,6,0,286,0
916,9000,2,3,480,0,0,1,4,0,308,0
917,17140,4,6,1134,1,0,3,6,0,284,0
918,13125,7,5,1104,2,1,4,8,1,833,1
919,11029,6,8,1184,1,0,3,6,1,601,1
920,8462,6,5,928,2,1,3,7,0,471,1
921,8777,5,7,1272,2,2,4,9,0,0,0
922,10237,6,5,1316,2,0,3,6,1,397,1
923,8012,6,5,1604,2,0,2,5,1,533,1
924,10240,6,6,1686,2,0,3,7,1,612,1
925,15611,5,6,1126,2,0,3,6,0,540,1
926,11999,8,5,1181,2,1,4,10,1,656,1
927,9900,7,5,832,2,1,4,9,1,486,1
928,11838,8,5,1753,2,0,3,7,1,522,1
929,13006,7,5,964,2,1,4,8,1,642,1
930,8925,8,5,1466,2,0,3,7,0,610,1
931,9100,5,6,925,1,0,2,5,0,429,0
932,11670,9,5,1905,2,0,3,8,1,788,1
933,8487,7,5,1500,2,0,3,6,0,570,1
934,27650,7,7,585,2,0,4,9,1,505,1
935,5825,4,5,600,1,0,1,5,0,528,0
936,10083,7,5,1176,2,0,2,5,0,555,1
937,9675,7,5,1113,2,1,3,8,1,689,1
938,8760,7,5,1391,2,1,3,7,0,868,1
939,24090,7,7,1032,2,0,4,10,2,349,1
940,12640,6,5,1728,2,0,4,8,0,574,0
941,8755,7,5,992,2,1,3,8,1,390,1
942,7711,4,3,1440,2,0,4,8,0,0,0
943,25000,5,4,1632,2,0,4,8,0,576,0
944,14375,6,6,819,1,0,3,7,1,525,0
945,8820,5,6,1088,1,0,2,7,0,456,0
946,8163,5,6,1144,1,0,3,6,1,796,0
947,14536,8,5,1616,2,0,3,9,1,808,1
948,14006,7,5,936,2,1,3,7,1,474,1
949,9360,6,7,1161,1,1,3,5,1,676,1
950,7200,5,8,864,1,0,3,5,0,720,0
951,7800,5,5,828,1,0,3,6,0,300,0
952,7200,5,8,768,1,0,2,5,0,396,0
953,11075,5,4,784,2,1,4,7,1,530,1
954,9400,6,5,945,2,0,4,4,0,0,0
955,7136,6,6,979,2,0,4,8,0,492,0
956,1300,6,6,561,1,1,2,5,1,462,0
957,7420,5,5,1057,1,0,3,6,0,576,0
958,8450,7,5,1337,2,0,3,6,0,531,1
959,2572,7,5,696,2,1,3,6,0,484,0
960,7207,5,7,858,1,0,2,4,0,0,0
961,12227,6,7,1330,2,1,4,11,1,619,1
962,2308,6,6,804,2,1,3,7,1,440,0
963,11923,9,5,1800,2,0,2,7,0,702,1
964,11316,7,5,817,2,1,4,8,1,510,1
965,10237,6,5,783,2,1,3,8,1,393,1
966,9600,5,7,728,1,1,2,7,2,256,0
967,7390,5,7,1098,1,0,3,6,0,260,0
968,5925,3,6,600,1,0,2,6,0,0,0
969,10382,6,5,588,1,0,2,6,0,264,0
970,10800,4,4,720,1,1,4,6,0,0,0
971,2268,7,5,764,2,0,2,6,0,474,1
972,7892,6,5,918,2,0,2,5,1,264,0
973,11639,7,5,1428,2,0,3,6,0,480,1
974,11414,7,8,728,1,0,3,8,0,532,1
975,2651,7,5,673,2,1,3,6,0,490,1
976,5900,4,7,440,1,0,2,4,0,0,0
977,4274,7,5,1241,1,1,1,4,0,569,1
978,9450,4,5,894,1,0,3,5,0,400,0
979,8816,5,6,1121,1,0,3,5,0,480,0
980,12122,7,9,944,1,0,3,6,0,588,1
981,12203,8,5,1225,2,1,4,8,1,676,1
982,3182,7,5,1266,2,0,2,6,1,388,0
983,11250,8,5,1128,2,1,4,9,1,779,1
984,10125,5,5,0,2,0,4,8,0,539,0
985,10880,5,5,1164,1,0,3,5,0,240,0
986,5310,6,8,485,1,0,2,5,0,255,0
987,10159,9,5,1930,2,1,3,8,1,606,1
988,12046,6,6,848,2,1,4,8,1,551,1
989,8125,7,5,770,2,1,3,6,0,614,1
990,9452,8,5,1396,2,1,3,7,1,870,1
991,17671,8,9,916,1,1,4,8,1,424,1
992,9760,6,8,822,2,1,3,7,1,440,1
993,8846,6,5,750,2,1,3,6,0,564,1
994,12456,10,5,1700,2,0,3,7,1,786,1
995,4712,4,7,747,1,1,3,5,0,305,0
996,10659,5,6,1050,1,0,3,6,0,368,0
997,11717,6,6,1442,2,0,2,6,1,615,1
998,9786,3,4,1007,1,0,3,6,1,210,0
999,6762,7,5,1187,2,0,2,6,0,632,1
1000,10206,3,3,0,1,0,2,4,0,528,0
1001,5400,5,6,691,1,0,2,4,0,216,0
1002,11957,8,5,1574,2,0,3,7,1,824,1
1003,11500,5,6,1680,2,0,4,8,0,528,0
1004,3182,7,5,1346,2,0,1,7,1,457,1
1005,8385,5,8,985,2,0,3,6,0,328,0
1006,12155,6,3,1657,2,0,3,7,1,484,1
1007,2217,4,4,546,1,1,3,6,0,286,0
1008,12118,7,5,1710,2,0,3,7,1,550,1
1009,6000,5,5,1008,2,0,4,7,0,0,0
1010,21286,5,5,720,2,0,4,7,1,312,0
1011,9825,5,5,0,2,0,4,8,0,0,0
1012,10592,6,7,602,1,1,3,7,2,180,1
1013,7200,5,4,1022,1,0,2,4,0,280,0
1014,11664,6,5,1082,1,0,2,5,1,240,0
1015,8400,8,6,810,2,1,3,6,0,528,1
1016,11883,7,5,1504,2,0,3,6,1,478,1
1017,5814,8,5,1220,1,0,1,4,1,565,1
1018,10784,7,5,384,2,1,3,7,1,402,0
1019,3013,7,5,1362,2,0,2,6,1,440,1
1020,7024,4,5,1132,1,1,2,5,0,451,1
1021,7406,7,5,1199,2,0,2,6,0,632,1
1022,9439,5,5,912,1,0,2,6,0,160,0
1023,3182,7,5,1346,2,0,2,7,1,437,1
1024,15498,8,6,1565,2,0,2,10,1,665,1
1025,7700,5,5,882,1,0,3,5,0,461,0
1026,9300,5,5,1268,1,0,3,6,2,461,1
1027,9520,8,5,1638,2,0,3,7,1,800,1
1028,9492,5,5,768,1,0,3,6,1,240,0
1029,1680,6,7,672,1,1,3,7,0,264,0
1030,7082,5,8,686,2,0,5,10,0,0,0
1031,15863,7,3,824,2,1,5,12,2,672,1
1032,14541,8,7,1338,2,1,5,10,1,796,1
1033,8125,7,5,1654,2,0,3,6,0,900,1
1034,6305,5,7,920,1,0,2,5,1,240,0
1035,11500,4,3,0,1,0,3,5,0,290,0
1036,12898,9,5,1620,2,0,2,6,1,912,1
1037,9240,8,5,1055,2,1,3,7,1,905,1
1038,1533,4,6,546,1,1,3,6,1,0,0
1039,1477,4,4,630,1,0,1,3,0,286,0
1040,13125,5,4,1134,2,0,3,8,1,484,0
1041,9130,6,8,800,1,1,4,7,0,484,1
1042,5381,6,5,1306,2,0,1,5,1,624,1
1043,11839,7,5,1475,2,1,4,10,1,514,1
1044,9600,8,5,2524,2,1,4,9,1,542,1
1045,13680,3,5,0,2,0,4,8,1,452,0
1046,16056,9,5,1992,3,1,4,11,1,716,1
1047,9245,5,5,990,1,0,3,5,0,672,0
1048,21750,5,4,0,1,0,3,9,1,336,0
1049,11100,4,7,0,1,0,2,6,0,308,0
1050,8993,7,5,1302,2,0,3,6,0,436,1
1051,11175,7,5,1316,2,0,3,6,1,440,1
1052,9500,6,6,816,1,1,4,9,1,540,1
1053,8562,5,6,1216,1,0,4,7,1,364,0
1054,11367,8,5,1065,2,1,3,7,1,586,1
1055,11361,6,5,1193,2,0,3,7,1,478,1
1056,7052,7,5,1364,2,0,2,6,1,484,1
1057,29959,7,6,973,2,1,3,7,1,467,1
1058,11308,9,5,1104,2,1,3,10,1,836,1
1059,11275,6,7,854,1,1,3,7,1,432,1
1060,4920,8,5,1338,2,0,2,6,0,582,1
1061,18000,3,4,894,1,0,2,6,0,1248,0
1062,13600,5,5,662,2,0,5,10,0,560,0
1063,6000,6,6,1103,1,0,2,5,1,440,0
1064,11000,5,6,1154,1,1,3,6,1,480,0
1065,14000,7,5,1306,2,1,3,7,0,533,1
1066,7837,6,7,799,2,1,3,7,1,380,1
1067,9760,6,6,780,1,1,4,7,0,442,1
1068,3964,6,4,942,2,1,5,10,1,576,0
1069,9600,5,7,845,1,0,2,4,0,576,0
1070,10152,5,5,1048,1,0,3,6,0,286,0
1071,11700,6,6,727,1,1,4,8,0,441,0
1072,7585,5,3,810,1,0,4,7,1,280,0
1073,7950,6,6,690,1,1,3,6,0,440,0
1074,8556,7,5,1240,2,0,2,5,0,826,1
1075,13125,7,6,800,1,1,3,6,2,240,1
1076,10800,5,8,796,2,0,3,7,1,566,1
1077,15870,5,5,1096,1,0,3,6,0,299,0
1078,4435,6,5,848,1,0,1,3,1,420,0
1079,8775,5,5,990,1,0,3,5,0,299,0
1080,11040,6,7,1258,2,0,3,5,0,528,0
1081,7500,5,5,1040,1,1,3,5,0,308,0
1082,8749,7,5,1459,2,0,3,6,1,527,1
1083,8800,6,6,1251,1,0,3,6,2,461,0
1084,13031,6,5,691,2,1,3,6,1,409,1
1085,9069,6,6,936,1,0,2,5,0,564,0
1086,1974,4,5,546,1,1,3,6,0,286,0
1087,10574,8,5,1082,2,1,3,9,1,1043,1
1088,2522,7,5,970,2,0,3,7,0,380,0
1089,3316,8,5,1247,1,1,1,4,1,550,1
1090,8544,3,4,0,2,0,2,6,0,400,0
1091,2160,7,5,600,2,1,2,4,0,462,0
1092,8400,6,5,1181,2,0,4,7,1,576,0
1093,9230,5,8,864,1,1,1,6,0,884,0
1094,5868,5,7,936,1,0,2,4,0,308,0
1095,9317,6,5,1314,2,0,3,6,1,440,1
1096,6882,6,7,684,1,1,3,7,0,0,0
1097,3696,8,5,1074,1,1,2,5,0,461,1
1098,6000,4,6,672,1,0,3,6,0,240,0
1099,11880,7,5,1271,2,0,3,7,1,478,0
1100,8400,2,5,290,1,0,1,3,0,246,0
1101,9758,5,5,950,1,0,3,5,0,280,0
1102,7000,5,7,1010,1,0,2,6,0,254,0
1103,8910,6,6,655,1,0,3,6,1,539,0
1104,2016,5,5,630,2,1,3,6,0,440,0
1105,12256,8,5,1463,2,1,3,9,2,712,1
1106,10357,7,5,910,2,0,3,6,1,719,1
1107,23257,7,5,868,2,1,3,9,1,422,1
1108,8063,6,5,924,2,1,3,7,1,463,1
1109,11362,8,5,1836,2,0,3,7,1,862,1
1110,8000,6,5,773,2,1,3,8,1,431,1
1111,10480,7,6,803,2,1,4,8,1,483,1
1112,7100,5,7,816,1,0,2,5,0,308,0
1113,8923,5,7,1008,1,0,2,6,0,240,0
1114,5400,5,7,833,1,0,2,4,0,326,0
1115,12085,8,5,1734,2,0,3,7,1,928,1
1116,7750,8,5,408,2,1,3,7,1,527,1
1117,9764,5,7,894,1,0,3,5,0,450,0
1118,13825,5,6,533,1,0,3,6,0,300,0
1119,7560,5,5,1040,1,0,3,6,0,286,0
1120,8263,6,5,1012,1,0,2,6,1,308,0
1121,10084,7,5,1552,2,0,3,7,0,782,1
1122,8926,4,3,672,1,0,3,5,0,288,0
1123,9405,5,9,698,1,0,2,4,0,0,0
1124,9125,7,5,384,2,1,3,7,1,392,1
1125,10434,4,5,1005,1,0,2,5,1,672,0
1126,3684,7,5,1373,2,0,2,7,1,660,1
1127,14572,7,5,1530,2,0,3,7,1,630,1
1128,11796,7,5,847,2,1,4,8,1,434,1
1129,7200,5,5,936,1,0,2,4,0,672,0
1130,7804,4,3,1122,2,0,4,7,2,576,0
1131,10712,5,5,974,1,0,3,5,0,0,0
1132,9900,6,4,1008,2,0,5,8,0,205,0
1133,9828,8,5,1128,2,1,3,8,1,466,1
1134,8773,6,5,916,2,1,3,7,1,460,1
1135,6180,6,5,960,1,0,2,5,1,180,0
1136,9600,6,5,1032,1,0,3,6,0,288,0
1137,6342,5,8,780,1,0,2,6,0,0,0
1138,9819,6,5,1567,2,0,2,5,2,714,1
1139,8731,5,5,915,1,0,3,6,1,495,0
1140,7350,5,7,952,1,0,2,4,0,840,0
1141,10304,5,7,780,2,1,4,9,1,484,1
1142,9965,8,5,1466,3,0,4,11,1,1052,1
1143,9000,5,3,1006,1,0,3,5,0,0,0
1144,12180,4,4,672,1,0,2,5,0,280,0
1145,6240,5,6,1042,1,0,3,8,1,225,0
1146,11200,6,5,1298,2,0,3,5,1,403,1
1147,12000,7,7,704,1,1,3,7,1,234,1
1148,5700,7,7,572,1,0,2,5,1,288,0
1149,9000,7,9,650,1,0,3,7,0,324,0
1150,8280,6,5,932,1,0,2,4,1,306,0
1151,17755,5,4,1466,1,1,3,6,2,528,0
1152,14115,6,7,1073,1,0,2,6,1,470,1
1153,5890,6,8,816,1,0,2,5,0,432,0
1154,13700,7,6,864,1,2,4,8,2,492,1
1155,10768,5,8,1437,2,0,3,6,1,528,1
1156,9350,5,8,1219,2,0,3,6,1,502,1
1157,5001,7,5,1314,2,0,2,6,1,626,1
1158,11932,8,5,1580,2,0,3,7,0,830,1
1159,9120,6,6,901,2,1,4,8,1,540,1
1160,2280,6,5,855,2,1,3,7,1,440,0
1161,14778,6,7,1296,1,0,3,7,1,924,1
1162,8724,5,5,894,1,0,3,5,1,450,0
1163,12900,4,4,1198,0,2,0,6,0,400,0
1164,16157,5,7,1360,1,1,2,5,1,588,1
1165,9541,7,5,1502,2,0,3,7,0,644,1
1166,10475,8,5,1694,2,0,3,7,0,776,1
1167,10852,6,5,959,2,1,3,7,1,472,1
1168,13728,6,7,1127,2,0,4,7,2,540,1
1169,35760,10,5,1930,3,1,4,10,1,807,1
1170,9880,6,6,1096,1,0,3,6,1,358,1
1171,9120,6,6,1261,1,0,3,6,1,433,0
1172,4017,7,5,625,2,1,2,5,0,625,1
1173,18030,5,6,1598,3,0,3,12,1,0,1
1174,16560,6,8,952,2,1,4,9,1,360,1
1175,10678,8,5,1683,2,1,4,9,1,541,1
1176,6951,5,5,876,1,0,3,5,0,264,0
1177,3950,6,8,818,1,0,3,5,0,210,0
1178,7681,5,6,731,1,1,3,7,1,186,0
1179,8335,5,5,0,1,0,3,5,1,0,0
1180,11170,7,5,1216,2,1,4,8,0,693,1
1181,5587,8,5,1600,2,0,2,5,1,482,1
1182,15623,10,5,2396,3,1,4,10,2,813,1
1183,10800,5,6,1120,1,0,2,5,1,720,0
1184,35133,5,4,1572,1,1,3,5,2,995,1
1185,9738,5,7,784,1,0,4,7,0,392,0
1186,10615,3,5,978,2,0,3,7,0,420,0
1187,12461,8,5,1624,2,0,2,5,1,757,1
1188,8935,7,5,831,2,1,3,7,0,493,1
1189,7500,7,5,994,2,1,3,7,1,442,1
1190,32463,4,4,1249,1,0,3,7,1,1356,1
1191,2645,8,5,776,2,1,2,5,0,492,1
1192,9600,5,8,702,1,0,3,6,0,250,0
1193,4500,6,5,1224,2,0,2,5,0,402,1
1194,9364,6,7,663,1,1,4,7,0,299,0
1195,8029,6,5,728,2,1,3,8,0,400,1
1196,14054,7,5,879,2,1,4,9,1,660,1
1197,8850,7,6,815,1,0,3,7,1,225,0
1198,9100,7,5,1212,2,0,3,6,0,573,1
1199,11235,4,5,1051,1,1,3,6,1,459,0
1200,9353,4,5,864,1,0,3,5,0,280,0
1201,10400,7,5,866,2,1,3,6,0,546,1
1202,6000,5,8,884,1,0,3,5,1,216,0
1203,9750,7,5,1630,2,0,3,6,1,451,1
1204,10140,5,6,1056,1,1,3,6,0,495,0
1205,14684,7,7,2158,2,0,3,7,1,701,1
1206,8900,4,4,1056,1,0,2,5,0,384,0
1207,9135,6,5,1682,2,0,3,7,0,544,1
1208,7763,5,7,931,1,0,3,6,0,506,0
1209,10182,8,5,1660,2,0,3,8,1,500,1
1210,11218,6,5,1055,2,1,3,8,1,462,1
1211,12134,8,7,559,2,0,4,8,0,492,1
1212,9340,4,6,672,1,0,2,4,0,234,0
1213,10246,4,9,648,0,0,0,3,0,364,0
1214,10205,5,5,925,1,0,3,6,0,300,0
1215,7094,5,5,894,1,0,3,5,0,384,0
1216,8930,6,5,0,2,0,4,8,0,539,0
1217,8640,8,5,1300,2,0,3,6,0,552,1
1218,6240,4,5,0,1,0,2,3,0,0,0
1219,1680,6,5,672,1,1,3,7,0,0,0
1220,7800,5,5,912,1,0,2,5,0,288,0
1221,8250,5,5,952,1,0,3,5,1,322,0
1222,10496,6,6,1040,2,0,3,7,1,315,0
1223,10680,5,3,2136,2,0,4,7,0,528,0
1224,15384,7,5,788,2,1,3,8,1,388,1
1225,10482,6,8,588,1,0,3,6,0,264,0
1226,14598,6,5,894,2,1,4,9,1,668,1
1227,8872,5,8,912,1,0,2,5,0,576,0
1228,8769,9,5,1702,1,1,1,7,1,1052,1
1229,7910,5,5,1075,2,0,4,7,0,404,0
1230,18890,5,5,1361,2,2,4,12,1,600,1
1231,7728,5,6,1106,1,0,3,6,0,540,0
1232,9842,4,5,0,2,0,2,6,0,462,0
1233,12160,5,5,1188,1,0,3,6,0,531,0
1234,8525,5,6,940,1,1,4,7,0,0,0
1235,13132,5,5,747,1,1,4,9,0,180,0
1236,2628,7,5,764,2,1,2,6,0,474,1
1237,12393,7,5,847,2,1,4,8,1,434,1
1238,13072,6,5,1141,1,1,3,6,0,484,0
1239,9037,8,5,1476,2,0,2,6,1,472,1
1240,8158,7,5,884,2,1,3,8,0,543,1
1241,9849,7,6,1689,2,0,3,7,0,954,1
1242,10625,7,6,1053,2,0,3,6,2,528,1
1243,13891,10,5,2076,2,1,2,7,1,850,1
1244,11435,8,7,792,1,0,3,7,2,400,1
1245,12090,6,7,585,3,1,3,7,1,477,1
1246,8125,7,5,756,2,1,3,6,0,615,1
1247,12328,6,5,1012,1,0,3,6,0,888,1
1248,9600,6,5,735,1,1,3,8,1,396,0
1249,7200,5,7,876,1,0,3,6,0,276,0
1250,11160,7,5,2110,2,1,3,8,2,522,1
1251,3136,7,5,1405,2,0,2,6,1,478,1
1252,9858,5,6,864,1,0,3,5,0,288,0
1253,17542,7,7,1192,2,1,3,9,2,518,1
1254,6931,7,5,746,2,1,3,7,1,397,1
1255,6240,6,6,884,1,0,3,6,1,560,0
1256,14303,8,5,1986,2,0,2,7,1,691,1
1257,4060,5,8,864,1,0,2,4,0,0,0
1258,9587,7,5,856,2,0,2,5,0,400,1
1259,9750,6,8,1054,1,1,3,6,0,460,0
1260,24682,6,5,841,2,1,3,7,1,502,1
1261,9600,5,6,1050,1,0,2,5,0,338,0
1262,11250,4,5,1104,1,0,5,8,2,304,0
1263,13515,6,6,764,1,0,3,8,1,520,1
1264,4060,6,5,1405,2,0,2,5,0,511,1
1265,3735,7,5,691,2,1,3,6,0,506,1
1266,10120,7,4,925,1,1,4,9,1,308,0
1267,13214,9,5,2002,2,0,3,10,1,746,1
1268,14100,8,9,728,3,1,4,11,2,1014,1
1269,11344,5,5,874,1,1,3,7,0,315,0
1270,23595,7,6,1332,0,1,0,4,1,586,1
1271,9156,6,7,1489,2,0,3,7,1,462,1
1272,13526,5,6,935,1,0,3,5,0,288,0
1273,11512,6,7,1019,1,0,2,5,1,312,1
1274,5362,5,6,661,2,0,3,8,1,552,0
1275,11345,5,5,928,2,0,4,10,0,400,0
1276,12936,6,6,723,1,1,3,6,1,497,0
1277,17871,6,5,1680,1,1,3,7,1,480,1
1278,9473,8,5,1128,2,1,3,7,1,577,1
1279,7500,4,4,698,1,0,2,6,0,528,0
1280,9808,7,5,1573,2,0,3,6,0,544,1
1281,8049,7,5,1309,2,0,2,6,1,484,1
1282,8800,5,7,1040,2,0,3,5,0,484,0
1283,9400,6,5,912,2,2,4,8,0,0,0
1284,9638,6,7,804,2,0,4,10,1,336,1
1285,6000,6,6,780,1,0,4,6,1,280,0
1286,9790,6,5,1328,1,1,3,6,2,528,0
1287,36500,5,5,1624,2,0,4,7,0,390,1
1288,5664,8,5,1501,2,0,2,5,1,499,1
1289,11065,8,5,1085,2,1,3,8,1,753,1
1290,14112,5,7,1152,1,0,3,6,1,484,1
1291,1680,5,7,630,2,1,3,6,0,264,0
1292,6600,5,4,994,2,0,4,11,0,432,0
1293,10140,7,5,832,2,1,4,8,1,528,0
1294,8172,5,7,864,1,0,2,5,0,572,0
1295,8400,5,5,1052,1,1,3,5,0,288,0
1296,8700,5,6,1120,2,0,3,6,0,525,0
1297,3675,6,5,547,2,0,2,5,0,525,0
1298,63887,10,5,6110,2,1,3,12,3,1418,0
1299,7500,5,7,1246,1,1,3,6,0,305,0
1300,10762,7,5,978,2,1,3,9,1,490,1
1301,7500,6,7,771,1,0,3,7,2,213,1
1302,10120,8,5,1165,2,1,4,8,1,844,1
1303,8688,7,5,1616,2,0,3,7,0,834,1
1304,3363,7,5,976,2,0,3,7,0,380,0
1305,13173,9,5,1652,2,0,2,6,2,840,1
1306,6955,7,5,1368,2,0,2,6,1,474,1
1307,8072,5,5,990,1,0,3,5,0,480,0
1308,12000,5,7,924,1,0,2,6,0,528,0
1309,7153,6,5,1278,2,0,3,6,0,496,1
1310,17500,7,8,1902,2,0,3,7,2,567,1
1311,8814,7,5,1274,2,0,3,6,0,508,1
1312,9572,8,5,1453,2,1,4,9,1,750,1
1313,14774,9,5,1393,2,1,4,10,1,779,1
1314,8190,4,6,948,1,0,3,5,1,280,0
1315,11075,6,5,952,2,1,4,9,2,576,1
1316,10226,8,5,1622,2,0,3,8,1,860,1
1317,4230,7,5,1352,2,0,2,5,1,466,1
1318,14781,8,5,1753,2,0,3,7,1,748,1
1319,10215,4,5,864,1,0,3,5,0,248,0
1320,8400,6,3,1478,1,1,3,6,2,442,0
1321,6627,3,6,0,1,0,2,4,0,287,0
1322,10186,7,5,750,2,1,3,8,1,564,1
1323,5330,4,7,420,1,0,2,5,0,0,0
1324,9986,8,5,1795,2,0,2,7,1,895,0
1325,3636,4,4,796,1,0,2,5,0,0,0
1326,4270,3,6,544,1,0,3,6,0,0,0
1327,6600,5,9,816,1,0,3,5,1,264,0
1328,10440,6,7,1510,2,0,5,8,2,520,1
1329,9084,7,5,935,2,1,3,8,1,462,1
1330,10000,8,5,1588,2,0,3,7,1,825,1
1331,10780,5,5,911,1,0,3,6,0,576,0
1332,8877,4,6,816,1,0,2,3,1,288,0
1333,7200,5,6,803,1,1,2,6,0,297,0
1334,2368,5,6,765,1,1,3,7,0,440,0
1335,9650,6,5,1350,2,0,2,6,1,630,1
1336,9246,5,5,1656,2,0,4,8,0,506,0
1337,4118,4,4,693,1,0,2,4,0,0,0
1338,13450,7,5,916,2,1,3,8,0,492,1
1339,9560,5,7,864,1,0,3,5,0,288,0
1340,8294,4,5,858,1,0,3,5,0,480,0
1341,13695,6,5,1114,1,0,3,6,0,576,0
1342,9375,8,5,1284,2,1,3,7,1,647,1
1343,7558,6,6,896,1,1,3,9,1,342,1
1344,11103,7,5,728,2,1,3,8,1,440,0
1345,6000,4,4,960,1,0,2,5,0,308,0
1346,20781,7,7,1568,2,0,3,9,1,508,1
1347,15306,8,5,1732,2,0,3,7,1,712,1
1348,16196,7,5,1482,2,0,3,5,1,514,1
1349,5250,8,5,684,2,0,4,8,0,0,0
1350,11643,5,5,1248,2,2,6,12,0,968,1
1351,9247,6,6,858,1,1,4,8,1,490,1
1352,6000,6,9,698,1,0,2,4,0,624,0
1353,14720,8,5,2033,2,1,4,9,1,666,1
1354,10316,7,5,992,2,1,3,7,1,839,1
1355,10192,7,6,570,3,0,4,8,1,487,1
1356,9477,5,5,864,1,0,3,5,0,264,0
1357,12537,5,6,1078,1,1,3,6,1,500,0
1358,2117,6,5,756,2,1,3,5,0,440,1
1359,16737,9,5,1980,2,0,3,8,1,770,1
1360,9842,5,6,612,3,1,4,8,0,621,1
1361,16158,7,5,1530,2,0,3,7,1,430,1
1362,12513,4,4,715,2,0,4,7,1,368,0
1363,8499,6,5,616,2,1,3,6,1,432,0
1364,3180,7,5,600,2,1,2,4,0,480,0
1365,7500,7,5,814,2,1,3,7,0,663,1
1366,9179,7,5,873,2,1,3,7,0,588,1
1367,2665,5,6,757,2,0,4,6,1,336,0
1368,4435,6,5,848,1,0,1,4,0,420,0
1369,10635,8,5,1657,2,0,3,8,1,502,1
1370,5400,4,6,840,1,0,2,6,0,338,0
1371,9600,6,6,992,1,0,3,8,1,377,1
1372,9750,7,6,1108,2,1,3,8,1,583,1
1373,11400,10,5,2633,2,1,2,8,2,804,1
1374,10625,7,5,1026,2,1,3,9,1,936,1
1375,10991,8,5,1571,2,0,3,7,1,722,1
1376,6292,6,5,768,1,0,2,4,0,160,0
1377,10998,5,5,984,2,0,3,6,0,660,0
1378,1953,6,5,483,1,1,2,5,0,264,0
1379,9735,5,5,384,2,1,3,7,0,400,1
1380,8212,3,3,864,1,0,2,5,0,200,0
1381,12925,6,7,1205,2,1,4,7,2,550,1
1382,7200,7,7,596,1,1,4,8,0,576,0
1383,25339,5,7,816,2,0,3,7,0,576,0
1384,9060,6,5,560,1,0,2,6,0,280,0
1385,5436,4,8,796,1,0,3,7,0,240,0
1386,16692,7,5,1392,3,1,5,12,2,564,1
1387,8520,6,7,714,2,0,5,10,1,216,0
1388,14892,9,5,1746,2,0,3,7,2,758,1
1389,6000,6,6,735,1,0,3,6,1,440,0
1390,9100,7,5,1525,2,0,3,6,0,541,1
1391,8944,5,5,1584,2,0,4,8,0,792,0
1392,7838,5,5,864,1,0,3,6,1,288,0
1393,10800,6,7,482,2,0,3,7,1,672,0
1394,4045,7,5,1356,2,0,2,6,1,648,1
1395,12665,8,5,1094,2,1,4,9,1,642,1
1396,57200,5,5,747,1,0,3,7,2,572,0
1397,6120,5,8,939,1,1,4,8,0,180,0
1398,7200,5,4,1208,1,1,3,7,0,240,0
1399,6171,6,6,976,2,1,3,7,1,216,0
1400,6000,6,7,862,1,0,3,5,1,208,0
1401,7415,6,5,839,2,1,3,8,1,398,1
1402,6762,7,5,1286,2,0,2,6,1,662,1
1403,15256,8,5,1485,2,0,3,6,0,754,1
1404,10410,3,4,672,1,0,3,6,0,936,0
1405,3842,8,5,1594,2,0,2,5,1,482,1
1406,8445,5,7,768,1,0,2,5,0,396,0
1407,8780,5,5,833,1,0,3,5,0,0,0
1408,7740,4,7,622,1,0,3,6,0,528,0
1409,20544,7,6,791,2,1,3,7,1,542,1
1410,12420,7,5,944,2,1,3,6,0,622,1
1411,9600,6,8,856,1,1,3,6,0,271,0
1412,7200,4,5,0,2,0,2,6,0,420,0
1413,10994,8,5,1844,2,0,2,7,1,620,1
1414,13053,6,7,833,1,1,4,8,1,370,1
1415,3635,7,5,1386,2,0,1,7,1,660,1
1416,11340,4,6,777,2,0,4,11,0,560,0
1417,16545,8,5,1284,2,1,3,7,1,1069,1
1418,9204,5,5,1144,1,1,3,6,0,336,0
1419,16381,6,5,1844,2,0,3,7,1,540,1
1420,11700,6,6,708,2,1,3,7,1,776,1
1421,4043,6,5,1069,2,0,2,4,1,440,0
1422,4435,6,5,848,1,0,1,3,0,420,0
1423,19690,6,7,697,2,0,4,8,1,432,1
1424,9503,5,5,1024,1,0,2,6,1,484,0
1425,10721,6,6,1252,1,0,3,7,0,528,0
1426,10944,7,5,1223,2,1,3,5,2,525,1
1427,10930,5,6,913,1,1,3,6,1,288,0
1428,7200,5,7,788,1,0,2,4,2,240,0
1429,12546,6,7,1440,2,0,3,7,1,467,1
1430,21930,5,5,732,2,1,4,7,1,372,1
1431,4928,6,6,958,2,0,2,5,0,440,0
1432,10800,4,6,656,2,0,4,5,0,216,0
1433,10261,6,5,936,2,1,3,8,1,451,1
1434,17400,5,5,1126,2,0,3,5,1,484,0
1435,8400,6,9,1319,1,1,3,7,1,462,1
1436,9000,4,6,864,1,0,3,5,0,528,0
1437,12444,8,5,1932,2,0,2,7,1,774,1
1438,7407,6,7,912,1,0,2,6,0,923,0
1439,11584,7,6,539,2,1,3,6,1,550,1
1440,11526,6,7,588,2,0,3,11,1,672,1
1441,4426,6,5,848,1,0,1,3,1,420,0
1442,11003,10,5,1017,2,1,3,10,1,812,1
1443,8854,6,6,952,1,0,2,4,1,192,0
1444,8500,7,5,1422,2,0,3,7,0,626,1
1445,8400,6,5,814,1,0,3,6,0,240,0
1446,26142,5,7,1188,1,0,3,6,0,312,0
1447,10000,8,5,1220,2,1,3,8,1,556,1
1448,11767,4,7,560,1,1,2,6,0,384,0
1449,1533,5,7,630,1,0,1,3,0,0,0
1450,9000,5,5,896,2,2,4,8,0,0,0
1451,9262,8,5,1573,2,0,3,7,1,840,1
1452,3675,5,5,547,1,0,2,5,0,525,0
1453,17217,5,5,1140,1,0,3,6,0,0,0
1454,7500,7,5,1221,2,0,2,6,0,400,1
1455,7917,6,5,953,2,1,3,7,1,460,1
1456,13175,6,6,1542,2,0,3,7,2,500,1
1457,9042,7,9,1152,2,0,4,9,2,252,1
1458,9717,5,6,1078,1,0,2,5,0,240,0
1459,9937,5,6,1256,1,1,3,6,0,276,0
